marca,categoria,tipo,modelo,inicio,fin
Princess Yachts,Maritimo,Motor Yacht,Princess V48 Final Edition,2004,2004
Princess Yachts,Maritimo,Motor Yacht,Princess V50,2002,2008
Princess Yachts,Maritimo,Motor Yacht,Princess V50 Final Edition,2008,2008
Princess Yachts,Maritimo,Motor Yacht,Princess V52,2006,2011
Princess Yachts,Maritimo,Motor Yacht,Princess V52 Final Edition,2011,2011
Princess Yachts,Maritimo,Motor Yacht,Princess V55,2008,2014
Princess Yachts,Maritimo,Motor Yacht,Princess V55 Final Edition,2014,2014
Princess Yachts,Maritimo,Motor Yacht,Princess V58,2012,2018
Princess Yachts,Maritimo,Motor Yacht,Princess V58 Final Edition,2018,2018
Princess Yachts,Maritimo,Motor Yacht,Princess V60,2016,2021
Princess Yachts,Maritimo,Motor Yacht,Princess V60 Final Edition,2021,2021
Princess Yachts,Maritimo,Motor Yacht,Princess V62,2019,Presente
Princess Yachts,Maritimo,Motor Yacht,Princess V62 Standard,2019,Presente
Princess Yachts,Maritimo,Motor Yacht,Princess V62 Luxury,2022,Presente
Princess Yachts,Maritimo,Motor Yacht,Princess V62 Final Edition,2025,2025
Princess Yachts,Maritimo,Motor Yacht,Princess M Class,2010,Presente
Princess Yachts,Maritimo,Motor Yacht,Princess M40,2010,2016
Princess Yachts,Maritimo,Motor Yacht,Princess M50,2013,2019
Princess Yachts,Maritimo,Motor Yacht,Princess M60,2017,2022
Princess Yachts,Maritimo,Motor Yacht,Princess M65,2021,Presente
Princess Yachts,Maritimo,Motor Yacht,Princess M70,2023,Presente
Princess Yachts,Maritimo,Motor Yacht,Princess M Class Final Edition,2025,2025
Princess Yachts,Maritimo,Open Flybridge Yacht,Princess F Class,2016,Presente
Princess Yachts,Maritimo,Open Flybridge Yacht,Princess F Class Final Edition,2025,2025
Royal Caribbean,Maritimo,Cruise Ship,Quantum of the Seas,2014,Presente
Royal Caribbean,Maritimo,Cruise Ship,Anthem of the Seas,2015,Presente
Royal Caribbean,Maritimo,Cruise Ship,Ovation of the Seas,2016,Presente
Royal Caribbean,Maritimo,Cruise Ship,Spectrum of the Seas,2019,Presente
Royal Caribbean,Maritimo,Cruise Ship,Odyssey of the Seas,2021,Presente
Royal Caribbean,Maritimo,Cruise Ship,Wonder of the Seas,2022,Presente
Royal Caribbean,Maritimo,Cruise Ship,Utopia of the Seas,2024,Presente
Royal Caribbean,Maritimo,Cruise Ship,Icon of the Seas,2024,Presente
Royal Caribbean,Maritimo,Cruise Ship,Star of the Seas,2025,Presente
Royal Caribbean,Maritimo,Cruise Ship,Icon of the Seas (LNG),2024,Presente
Royal Caribbean,Maritimo,Cruise Ship,Star of the Seas (LNG),2025,Presente
Royal Caribbean,Maritimo,Cruise Ship,MS Quantum Class,2014,Presente
Royal Caribbean,Maritimo,Cruise Ship,MS Oasis Class,2009,Presente
Sea Ray,Maritimo,Flybridge Cruiser,Sea Ray Fly,1995,Presente
Sea Ray,Maritimo,Flybridge Cruiser,Sea Ray Fly 340,1995,2005
Sea Ray,Maritimo,Flybridge Cruiser,Sea Ray Fly 370,2005,2012
Sea Ray,Maritimo,Flybridge Cruiser,Sea Ray Fly 440,2012,2020
Sea Ray,Maritimo,Flybridge Cruiser,Sea Ray Fly 480,2020,Presente
Sea Ray,Maritimo,Flybridge Cruiser,Sea Ray Fly 540,2023,Presente
Sea Ray,Maritimo,Flybridge Cruiser,Sea Ray Fly Final Edition,2025,2025
Sea Ray,Maritimo,Flybridge Cruiser,Sea Ray Fly,1995,Presente
Sea Ray,Maritimo,Flybridge Cruiser,Sea Ray Fly 340,1995,2005
Sea Ray,Maritimo,Flybridge Cruiser,Sea Ray Fly 370,2005,2012
Sea Ray,Maritimo,Flybridge Cruiser,Sea Ray Fly 440,2012,2020
Sea Ray,Maritimo,Flybridge Cruiser,Sea Ray Fly 480,2020,Presente
Sea Ray,Maritimo,Flybridge Cruiser,Sea Ray Fly 540,2023,Presente
Sea Ray,Maritimo,Flybridge Cruiser,Sea Ray Fly Final Edition,2025,2025
Sea Ray,Maritimo,Luxury Bowrider,Sea Ray SLX,2008,Presente
Sea Ray,Maritimo,Luxury Bowrider,Sea Ray SLX 240,2008,2015
Sea Ray,Maritimo,Luxury Bowrider,Sea Ray SLX 270,2015,2020
Sea Ray,Maritimo,Luxury Bowrider,Sea Ray SLX 320,2020,Presente
Sea Ray,Maritimo,Luxury Bowrider,Sea Ray SLX 350,2023,Presente
Sea Ray,Maritimo,Luxury Bowrider,Sea Ray SLX Final Edition,2025,2025
Sea Ray,Maritimo,Luxury Bowrider,Sea Ray SLX,2008,Presente
Sea Ray,Maritimo,Luxury Bowrider,Sea Ray SLX 240,2008,2015
Sea Ray,Maritimo,Luxury Bowrider,Sea Ray SLX 270,2015,2020
Sea Ray,Maritimo,Luxury Bowrider,Sea Ray SLX 320,2020,Presente
Sea Ray,Maritimo,Luxury Bowrider,Sea Ray SLX 350,2023,Presente
Sea Ray,Maritimo,Luxury Bowrider,Sea Ray SLX Final Edition,2025,2025
Star Cruises,Maritimo,Cruise Ship,World Dream,2017,Presente
T. Mariotti (Mariotti Yachts),Maritimo,Flagship Superyacht,T. Mariotti Custom 100m+,2017,2019
T. Mariotti (Mariotti Yachts),Maritimo,Flagship Superyacht,T. Mariotti Custom 100m Project H,2017,2019
T. Mariotti (Mariotti Yachts),Maritimo,Flagship Superyacht,T. Mariotti Custom 100m Final Edition,2019,2019
T. Mariotti (Mariotti Yachts),Maritimo,Luxury Yacht,T. Mariotti Custom 45m,1985,1990
T. Mariotti (Mariotti Yachts),Maritimo,Luxury Yacht,T. Mariotti Custom 45m Project A,1985,1990
T. Mariotti (Mariotti Yachts),Maritimo,Luxury Yacht,T. Mariotti Custom 45m Final Edition,1990,1990
T. Mariotti (Mariotti Yachts),Maritimo,Luxury Yacht,T. Mariotti Custom 50m,1992,1997
T. Mariotti (Mariotti Yachts),Maritimo,Luxury Yacht,T. Mariotti Custom 50m Project B,1992,1997
T. Mariotti (Mariotti Yachts),Maritimo,Luxury Yacht,T. Mariotti Custom 50m Final Edition,1997,1997
T. Mariotti (Mariotti Yachts),Maritimo,Luxury Yacht,T. Mariotti Custom 55m,1998,2003
T. Mariotti (Mariotti Yachts),Maritimo,Luxury Yacht,T. Mariotti Custom 55m Project C,1998,2003
T. Mariotti (Mariotti Yachts),Maritimo,Luxury Yacht,T. Mariotti Custom 55m Final Edition,2003,2003
T. Mariotti (Mariotti Yachts),Maritimo,Megayacht,T. Mariotti Custom 60m,2004,2008
T. Mariotti (Mariotti Yachts),Maritimo,Megayacht,T. Mariotti Custom 60m Project D,2004,2008
T. Mariotti (Mariotti Yachts),Maritimo,Megayacht,T. Mariotti Custom 60m Final Edition,2008,2008
T. Mariotti (Mariotti Yachts),Maritimo,Megayacht,T. Mariotti Custom 70m,2009,2014
T. Mariotti (Mariotti Yachts),Maritimo,Megayacht,T. Mariotti Custom 70m Project E,2009,2014
T. Mariotti (Mariotti Yachts),Maritimo,Megayacht,T. Mariotti Custom 70m Final Edition,2014,2014
T. Mariotti (Mariotti Yachts),Maritimo,Megayacht,T. Mariotti Custom 80m,2015,2019
T. Mariotti (Mariotti Yachts),Maritimo,Megayacht,T. Mariotti Custom 80m Project F,2015,2019
T. Mariotti (Mariotti Yachts),Maritimo,Megayacht,T. Mariotti Custom 80m Final Edition,2019,2019
T. Mariotti (Mariotti Yachts),Maritimo,Megayacht,T. Mariotti Final Edition,2025,2025
TUI Cruises,Maritimo,Cruise Ship,Mein Schiff 1,2009,Presente
TUI Cruises,Maritimo,Cruise Ship,Mein Schiff 2,2010,Presente
TUI Cruises,Maritimo,Cruise Ship,Mein Schiff 3,2014,Presente
TUI Cruises,Maritimo,Cruise Ship,Mein Schiff 4,2015,Presente
TUI Cruises,Maritimo,Cruise Ship,Mein Schiff 5,2016,Presente
TUI Cruises,Maritimo,Cruise Ship,Mein Schiff 6,2017,Presente
TUI Cruises,Maritimo,Cruise Ship,Mein Schiff 7,2022,Presente
TUI Cruises,Maritimo,Cruise Ship,Mein Schiff 8,2023,Presente
TUI Cruises,Maritimo,Cruise Ship,Mein Schiff 9 (under construction),2025,Presente
TUI Cruises,Maritimo,Cruise Ship,Mein Schiff 6 (LNG),2017,Presente
TUI Cruises,Maritimo,Cruise Ship,Mein Schiff 7 (LNG),2022,Presente
TUI Cruises,Maritimo,Cruise Ship,Mein Schiff 8 (LNG),2023,Presente
TUI Cruises,Maritimo,Cruise Ship,Mein Schiff 9 (LNG),2025,Presente
TUI Cruises,Maritimo,Cruise Ship,Mein Schiff Evolution,2014,Presente
Wilderness Systems,Maritimo,Expedition Kayak,Wilderness Systems Pungo 175,2000,2015
Wilderness Systems,Maritimo,Expedition Kayak,Wilderness Systems Chesapeake 18,1995,2010
Wilderness Systems,Maritimo,Expedition Kayak,Wilderness Systems Tsunami 165,2008,2018
Wilderness Systems,Maritimo,Fishing Kayak,Wilderness Systems Tarpon 140,2010,Presente
Wilderness Systems,Maritimo,Fishing Kayak,Wilderness Systems Ride 115 Fish,2021,Presente
Wilderness Systems,Maritimo,Fishing Kayak,Wilderness Systems Ride 135 Fish,2023,Presente
Wilderness Systems,Maritimo,Fishing Kayak,Wilderness Systems ATAK 120,2015,Presente
Wilderness Systems,Maritimo,Fishing Kayak,Wilderness Systems ATAK 140,2015,Presente
Wilderness Systems,Maritimo,Fishing Kayak,Wilderness Systems ATAK 160,2018,Presente
Wilderness Systems,Maritimo,Fishing Kayak,Wilderness Systems ATAK 145 Fish,2020,Presente
Wilderness Systems,Maritimo,Hybrid Kayak,Wilderness Systems Ride 115,2020,Presente
Wilderness Systems,Maritimo,Hybrid Kayak,Wilderness Systems Ride 135,2022,Presente
Wilderness Systems,Maritimo,Hybrid Kayak,Wilderness Systems LEX 130,2022,Presente
Wilderness Systems,Maritimo,Hybrid Kayak,Wilderness Systems Pamlico 130,2020,Presente
Wilderness Systems,Maritimo,Kayak,Wilderness Systems Tempest 170,1995,2005
Wilderness Systems,Maritimo,Kayak,Wilderness Systems Tempest 165,2003,2010
Wilderness Systems,Maritimo,Kayak,Wilderness Systems Tempest 155,2000,2008
Wilderness Systems,Maritimo,Kayak,Wilderness Systems Tempest Final Edition,2010,2010
Wilderness Systems,Maritimo,Kayak,Wilderness Systems Aspire Final Edition,2025,2025
Wilderness Systems,Maritimo,Kayak,Wilderness Systems Pungo Final Edition,2025,2025
Wilderness Systems,Maritimo,Kayak,Wilderness Systems Tarpon Final Edition,2025,2025
Wilderness Systems,Maritimo,Kayak,Wilderness Systems Ride Final Edition,2025,2025
Wilderness Systems,Maritimo,Kayak,Wilderness Systems Chesapeake Final Edition,2010,2010
Wilderness Systems,Maritimo,Kayak,Wilderness Systems Tsunami Final Edition,2018,2018
Wilderness Systems,Maritimo,Kayak,Wilderness Systems ATAK Final Edition,2025,2025
Wilderness Systems,Maritimo,Kayak,Wilderness Systems LEX Final Edition,2025,2025
Wilderness Systems,Maritimo,Kayak,Wilderness Systems Impulse Final Edition,2025,2025
Wilderness Systems,Maritimo,Kayak,Wilderness Systems Seaward Final Edition,2025,2025
Wilderness Systems,Maritimo,Kayak,Wilderness Systems Pamlico Final Edition,2025,2025
Wilderness Systems,Maritimo,Kayak,Wilderness Systems Final Edition,2025,2025
